Workbook

Sheet الافتراضات
A1: الافتراضات — عدّلي الخلايا الصفراء فقط، وكل الأوراق تُحدَّث تلقائيًا
A3: متوسط الإيراد لكل عميل (ريال/شهر) | B3: 2224 | C3: مزيج ٥٠٪ Starter · ٣٥٪ Growth · ١٥٪ Business — من خطة العمل §٦
A4: هامش المساهمة | B4: 0.9 | C4: مقيس من المنصة: تكلفة السؤال ٠٫٠٢٢$ فعليًا (ai_usage_logs) — أسوأ حالة عند استهلاك كامل الحصص
A5: التسرّب الشهري | B5: 0.03 | C5: افتراض نموذجي لهذا الحجم — يُستبدل بالمقيس بعد أول ١٠ عملاء
A6: البنية التحتية الثابتة (ريال/شهر) | B6: 340 | C6: Supabase Pro + Vercel Pro + نطاق + مراقبة — خطة العمل §٥
A8: عملاء جدد/شهر — السنة ١ | B8: 1.5 | C8: بيع مباشر من المؤسِّسة
A9: عملاء جدد/شهر — السنة ٢ | B9: 3 | C9: مع أول موظف بيع
A10: عملاء جدد/شهر — السنة ٣ | B10: 5 | C10: بيع + قنوات (مكاتب استشارات HR)
A12: راتب المؤسِّسة (ريال/شهر) | B12: 15000
A13: يبدأ من الشهر | B13: 7 | C13: حين يغطّيه الإيراد — النموذج الأساسي
A14: موظف بيع (ريال/شهر) | B14: 12000
A15: يبدأ من الشهر | B15: 13 | C15: مع بداية السنة الثانية
A16: نجاح العملاء/دعم (ريال/شهر) | B16: 10000
A17: يبدأ من الشهر | B17: 19
A18: مهندس (ريال/شهر) | B18: 20000
A19: يبدأ من الشهر | B19: 28 | C19: لطبقة المميزات الثانية والثالثة
A21: التسويق — نسبة من الإيراد | B21: 0.08 | C21: محتوى وفعاليات قطاعية
A22: التسويق — حد أدنى (ريال/شهر) | B22: 1500
A23: التسويق يبدأ من الشهر | B23: 4
A25: ملاحظات: الأرقام بالريال السعودي وبلا ضريبة القيمة المضافة. الزكاة والرسوم النظامية خارج النموذج وتُحسب مع المحاسب.
A26: المقيس فعلًا من المنصة: هامش المساهمة وتكلفة السؤال. المُفترَض: كل ما عداه — وخاصة وتيرة الاكتساب والتسرّب.

Sheet الشهري
A1: الشهر | B1: عملاء جدد | C1: متسرّبون | D1: العملاء نهاية الشهر | E1: الإيراد الشهري MRR | F1: تكلفة متغيّرة | G1: رواتب | H1: تسويق | I1: بنية تحتية | J1: صافي الشهر | K1: النقد التراكمي
A2: 1 | B2: =IF(A2<=12,الافتراضات!$B$8,IF(A2<=24,الافتراضات!$B$9,الافتراضات!$B$10)) -> 1.5 | C2: =IF(A2=1,0,D1)*الافتراضات!$B$5 -> 0 | D2: =IF(A2=1,0,D1)+B2-C2 -> 1.5 | E2: =D2*الافتراضات!$B$3 -> 3336 | F2: =E2*(1-الافتراضات!$B$4) -> 333.6 | G2: =IF(A2>=الافتراضات!$B$13,الافتراضات!$B$12,0)+IF(A2>=الافتراضات!$B$15,الافتراضات!$B$14,0)+IF(A2>=الافتراضات!$B$17,الافتراضات!$B$16,0)+IF(A2>=الافتراضات!$B$19,الافتراضات!$B$18,0) -> 0 | H2: =IF(A2>=الافتراضات!$B$23,MAX(E2*الافتراضات!$B$21,الافتراضات!$B$22),0) -> 0 | I2: =الافتراضات!$B$6 -> 340 | J2: =E2-F2-G2-H2-I2 -> 2662.4 | K2: =IF(A2=1,J2,K1+J2) -> 2662.4
A3: 2 | B3: =IF(A3<=12,الافتراضات!$B$8,IF(A3<=24,الافتراضات!$B$9,الافتراضات!$B$10)) -> 1.5 | C3: =IF(A3=1,0,D2)*الافتراضات!$B$5 -> 0.045 | D3: =IF(A3=1,0,D2)+B3-C3 -> 2.955 | E3: =D3*الافتراضات!$B$3 -> 6571.92 | F3: =E3*(1-الافتراضات!$B$4) -> 657.192 | G3: =IF(A3>=الافتراضات!$B$13,الافتراضات!$B$12,0)+IF(A3>=الافتراضات!$B$15,الافتراضات!$B$14,0)+IF(A3>=الافتراضات!$B$17,الافتراضات!$B$16,0)+IF(A3>=الافتراضات!$B$19,الافتراضات!$B$18,0) -> 0 | H3: =IF(A3>=الافتراضات!$B$23,MAX(E3*الافتراضات!$B$21,الافتراضات!$B$22),0) -> 0 | I3: =الافتراضات!$B$6 -> 340 | J3: =E3-F3-G3-H3-I3 -> 5574.728 | K3: =IF(A3=1,J3,K2+J3) -> 8237.128
A4: 3 | B4: =IF(A4<=12,الافتراضات!$B$8,IF(A4<=24,الافتراضات!$B$9,الافتراضات!$B$10)) -> 1.5 | C4: =IF(A4=1,0,D3)*الافتراضات!$B$5 -> 0.08865 | D4: =IF(A4=1,0,D3)+B4-C4 -> 4.36635 | E4: =D4*الافتراضات!$B$3 -> 9710.7624 | F4: =E4*(1-الافتراضات!$B$4) -> 971.07624 | G4: =IF(A4>=الافتراضات!$B$13,الافتراضات!$B$12,0)+IF(A4>=الافتراضات!$B$15,الافتراضات!$B$14,0)+IF(A4>=الافتراضات!$B$17,الافتراضات!$B$16,0)+IF(A4>=الافتراضات!$B$19,الافتراضات!$B$18,0) -> 0 | H4: =IF(A4>=الافتراضات!$B$23,MAX(E4*الافتراضات!$B$21,الافتراضات!$B$22),0) -> 0 | I4: =الافتراضات!$B$6 -> 340 | J4: =E4-F4-G4-H4-I4 -> 8399.6862 | K4: =IF(A4=1,J4,K3+J4) -> 16636.814
A5: 4 | B5: =IF(A5<=12,الافتراضات!$B$8,IF(A5<=24,الافتراضات!$B$9,الافتراضات!$B$10)) -> 1.5 | C5: =IF(A5=1,0,D4)*الافتراضات!$B$5 -> 0.1309905 | D5: =IF(A5=1,0,D4)+B5-C5 -> 5.7353595 | E5: =D5*الافتراضات!$B$3 -> 12755.44 | F5: =E5*(1-الافتراضات!$B$4) -> 1275.544 | G5: =IF(A5>=الافتراضات!$B$13,الافتراضات!$B$12,0)+IF(A5>=الافتراضات!$B$15,الافتراضات!$B$14,0)+IF(A5>=الافتراضات!$B$17,الافتراضات!$B$16,0)+IF(A5>=الافتراضات!$B$19,الافتراضات!$B$18,0) -> 0 | H5: =IF(A5>=الافتراضات!$B$23,MAX(E5*الافتراضات!$B$21,الافتراضات!$B$22),0) -> 1500 | I5: =الافتراضات!$B$6 -> 340 | J5: =E5-F5-G5-H5-I5 -> 9639.8956 | K5: =IF(A5=1,J5,K4+J5) -> 26276.71
A6: 5 | B6: =IF(A6<=12,الافتراضات!$B$8,IF(A6<=24,الافتراضات!$B$9,الافتراضات!$B$10)) -> 1.5 | C6: =IF(A6=1,0,D5)*الافتراضات!$B$5 -> 0.17206078 | D6: =IF(A6=1,0,D5)+B6-C6 -> 7.0632987 | E6: =D6*الافتراضات!$B$3 -> 15708.776 | F6: =E6*(1-الافتراضات!$B$4) -> 1570.8776 | G6: =IF(A6>=الافتراضات!$B$13,الافتراضات!$B$12,0)+IF(A6>=الافتراضات!$B$15,الافتراضات!$B$14,0)+IF(A6>=الافتراضات!$B$17,الافتراضات!$B$16,0)+IF(A6>=الافتراضات!$B$19,الافتراضات!$B$18,0) -> 0 | H6: =IF(A6>=الافتراضات!$B$23,MAX(E6*الافتراضات!$B$21,الافتراضات!$B$22),0) -> 1500 | I6: =الافتراضات!$B$6 -> 340 | J6: =E6-F6-G6-H6-I6 -> 12297.899 | K6: =IF(A6=1,J6,K5+J6) -> 38574.608
A7: 6 | B7: =IF(A7<=12,الافتراضات!$B$8,IF(A7<=24,الافتراضات!$B$9,الافتراضات!$B$10)) -> 1.5 | C7: =IF(A7=1,0,D6)*الافتراضات!$B$5 -> 0.21189896 | D7: =IF(A7=1,0,D6)+B7-C7 -> 8.3513998 | E7: =D7*الافتراضات!$B$3 -> 18573.513 | F7: =E7*(1-الافتراضات!$B$4) -> 1857.3513 | G7: =IF(A7>=الافتراضات!$B$13,الافتراضات!$B$12,0)+IF(A7>=الافتراضات!$B$15,الافتراضات!$B$14,0)+IF(A7>=الافتراضات!$B$17,الافتراضات!$B$16,0)+IF(A7>=الافتراضات!$B$19,الافتراضات!$B$18,0) -> 0 | H7: =IF(A7>=الافتراضات!$B$23,MAX(E7*الافتراضات!$B$21,الافتراضات!$B$22),0) -> 1500 | I7: =الافتراضات!$B$6 -> 340 | J7: =E7-F7-G7-H7-I7 -> 14876.162 | K7: =IF(A7=1,J7,K6+J7) -> 53450.77
A8: 7 | B8: =IF(A8<=12,الافتراضات!$B$8,IF(A8<=24,الافتراضات!$B$9,الافتراضات!$B$10)) -> 1.5 | C8: =IF(A8=1,0,D7)*الافتراضات!$B$5 -> 0.25054199 | D8: =IF(A8=1,0,D7)+B8-C8 -> 9.6008578 | E8: =D8*الافتراضات!$B$3 -> 21352.308 | F8: =E8*(1-الافتراضات!$B$4) -> 2135.2308 | G8: =IF(A8>=الافتراضات!$B$13,الافتراضات!$B$12,0)+IF(A8>=الافتراضات!$B$15,الافتراضات!$B$14,0)+IF(A8>=الافتراضات!$B$17,الافتراضات!$B$16,0)+IF(A8>=الافتراضات!$B$19,الافتراضات!$B$18,0) -> 15000 | H8: =IF(A8>=الافتراضات!$B$23,MAX(E8*الافتراضات!$B$21,الافتراضات!$B$22),0) -> 1708.1846 | I8: =الافتراضات!$B$6 -> 340 | J8: =E8-F8-G8-H8-I8 -> 2168.8923 | K8: =IF(A8=1,J8,K7+J8) -> 55619.662
A9: 8 | B9: =IF(A9<=12,الافتراضات!$B$8,IF(A9<=24,الافتراضات!$B$9,الافتراضات!$B$10)) -> 1.5 | C9: =IF(A9=1,0,D8)*الافتراضات!$B$5 -> 0.28802573 | D9: =IF(A9=1,0,D8)+B9-C9 -> 10.812832 | E9: =D9*الافتراضات!$B$3 -> 24047.738 | F9: =E9*(1-الافتراضات!$B$4) -> 2404.7738 | G9: =IF(A9>=الافتراضات!$B$13,الافتراضات!$B$12,0)+IF(A9>=الافتراضات!$B$15,الافتراضات!$B$14,0)+IF(A9>=الافتراضات!$B$17,الافتراضات!$B$16,0)+IF(A9>=الافتراضات!$B$19,الافتراضات!$B$18,0) -> 15000 | H9: =IF(A9>=الافتراضات!$B$23,MAX(E9*الافتراضات!$B$21,الافتراضات!$B$22),0) -> 1923.8191 | I9: =الافتراضات!$B$6 -> 340 | J9: =E9-F9-G9-H9-I9 -> 4379.1455 | K9: =IF(A9=1,J9,K8+J9) -> 59998.808
A10: 9 | B10: =IF(A10<=12,الافتراضات!$B$8,IF(A10<=24,الافتراضات!$B$9,الافتراضات!$B$10)) -> 1.5 | C10: =IF(A10=1,0,D9)*الافتراضات!$B$5 -> 0.32438496 | D10: =IF(A10=1,0,D9)+B10-C10 -> 11.988447 | E10: =D10*الافتراضات!$B$3 -> 26662.306 | F10: =E10*(1-الافتراضات!$B$4) -> 2666.2306 | G10: =IF(A10>=الافتراضات!$B$13,الافتراضات!$B$12,0)+IF(A10>=الافتراضات!$B$15,الافتراضات!$B$14,0)+IF(A10>=الافتراضات!$B$17,الافتراضات!$B$16,0)+IF(A10>=الافتراضات!$B$19,الافتراضات!$B$18,0) -> 15000 | H10: =IF(A10>=الافتراضات!$B$23,MAX(E10*الافتراضات!$B$21,الافتراضات!$B$22),0) -> 2132.9845 | I10: =الافتراضات!$B$6 -> 340 | J10: =E10-F10-G10-H10-I10 -> 6523.0911 | K10: =IF(A10=1,J10,K9+J10) -> 66521.899
A11: 10 | B11: =IF(A11<=12,الافتراضات!$B$8,IF(A11<=24,الافتراضات!$B$9,الافتراضات!$B$10)) -> 1.5 | C11: =IF(A11=1,0,D10)*الافتراضات!$B$5 -> 0.35965341 | D11: =IF(A11=1,0,D10)+B11-C11 -> 13.128794 | E11: =D11*الافتراضات!$B$3 -> 29198.437 | F11: =E11*(1-الافتراضات!$B$4) -> 2919.8437 | G11: =IF(A11>=الافتراضات!$B$13,الافتراضات!$B$12,0)+IF(A11>=الافتراضات!$B$15,الافتراضات!$B$14,0)+IF(A11>=الافتراضات!$B$17,الافتراضات!$B$16,0)+IF(A11>=الافتراضات!$B$19,الافتراضات!$B$18,0) -> 15000 | H11: =IF(A11>=الافتراضات!$B$23,MAX(E11*الافتراضات!$B$21,الافتراضات!$B$22),0) -> 2335.875 | I11: =الافتراضات!$B$6 -> 340 | J11: =E11-F11-G11-H11-I11 -> 8602.7184 | K11: =IF(A11=1,J11,K10+J11) -> 75124.618
A12: 11 | B12: =IF(A12<=12,الافتراضات!$B$8,IF(A12<=24,الافتراضات!$B$9,الافتراضات!$B$10)) -> 1.5 | C12: =IF(A12=1,0,D11)*الافتراضات!$B$5 -> 0.39386381 | D12: =IF(A12=1,0,D11)+B12-C12 -> 14.23493 | E12: =D12*الافتراضات!$B$3 -> 31658.484 | F12: =E12*(1-الافتراضات!$B$4) -> 3165.8484 | G12: =IF(A12>=الافتراضات!$B$13,الافتراضات!$B$12,0)+IF(A12>=الافتراضات!$B$15,الافتراضات!$B$14,0)+IF(A12>=الافتراضات!$B$17,الافتراضات!$B$16,0)+IF(A12>=الافتراضات!$B$19,الافتراضات!$B$18,0) -> 15000 | H12: =IF(A12>=الافتراضات!$B$23,MAX(E12*الافتراضات!$B$21,الافتراضات!$B$22),0) -> 2532.6787 | I12: =الافتراضات!$B$6 -> 340 | J12: =E12-F12-G12-H12-I12 -> 10619.957 | K12: =IF(A12=1,J12,K11+J12) -> 85744.574
A13: 12 | B13: =IF(A13<=12,الافتراضات!$B$8,IF(A13<=24,الافتراضات!$B$9,الافتراضات!$B$10)) -> 1.5 | C13: =IF(A13=1,0,D12)*الافتراضات!$B$5 -> 0.4270479 | D13: =IF(A13=1,0,D12)+B13-C13 -> 15.307882 | E13: =D13*الافتراضات!$B$3 -> 34044.729 | F13: =E13*(1-الافتراضات!$B$4) -> 3404.4729 | G13: =IF(A13>=الافتراضات!$B$13,الافتراضات!$B$12,0)+IF(A13>=الافتراضات!$B$15,الافتراضات!$B$14,0)+IF(A13>=الافتراضات!$B$17,الافتراضات!$B$16,0)+IF(A13>=الافتراضات!$B$19,الافتراضات!$B$18,0) -> 15000 | H13: =IF(A13>=الافتراضات!$B$23,MAX(E13*الافتراضات!$B$21,الافتراضات!$B$22),0) -> 2723.5784 | I13: =الافتراضات!$B$6 -> 340 | J13: =E13-F13-G13-H13-I13 -> 12576.678 | K13: =IF(A13=1,J13,K12+J13) -> 98321.253
... A37: 36 | B37: =IF(A37<=12,الافتراضات!$B$8,IF(A37<=24,الافتراضات!$B$9,الافتراضات!$B$10)) -> 5 | C37: =IF(A37=1,0,D36)*الافتراضات!$B$5 -> 2.3084 | D37: =IF(A37=1,0,D36)+B37-C37 -> 79.638265 | E37: =D37*الافتراضات!$B$3 -> 177115.5 | F37: =E37*(1-الافتراضات!$B$4) -> 17711.55 | G37: =IF(A37>=الافتراضات!$B$13,الافتراضات!$B$12,0)+IF(A37>=الافتراضات!$B$15,الافتراضات!$B$14,0)+IF(A37>=الافتراضات!$B$17,الافتراضات!$B$16,0)+IF(A37>=الافتراضات!$B$19,الافتراضات!$B$18,0) -> 57000 | H37: =IF(A37>=الافتراضات!$B$23,MAX(E37*الافتراضات!$B$21,الافتراضات!$B$22),0) -> 14169.24 | I37: =الافتراضات!$B$6 -> 340 | J37: =E37-F37-G37-H37-I37 -> 87894.711 | K37: =IF(A37=1,J37,K36+J37) -> 1124654.2

Sheet الملخص
A1: الملخّص السنوي — النموذج الأساسي (يتغيّر مع الافتراضات)
B3: السنة ١ | C3: السنة ٢ | D3: السنة ٣
A4: العملاء نهاية السنة | B4: =الشهري!D13 -> 15.307882 | C4: =الشهري!D25 -> 41.237021 | D4: =الشهري!D37 -> 79.638265
A5: معدل التشغيل السنوي ARR (ريال) | B5: =الشهري!E13*12 -> 408536.75 | C5: =الشهري!E25*12 -> 1100533.6 | D5: =الشهري!E37*12 -> 2125386
A6: إيراد السنة (ريال) | B6: =SUM(الشهري!E2:E13) -> 233620.41 | C6: =SUM(الشهري!E14:E25) -> 804252.91 | D6: =SUM(الشهري!E26:E37) -> 1686592.1
A7: صافي السنة (ريال) | B7: =SUM(الشهري!J2:J13) -> 98321.253 | C7: =SUM(الشهري!J14:J25) -> 271407.38 | D7: =SUM(الشهري!J26:J37) -> 754925.55
A8: النقد التراكمي نهاية السنة (ريال) | B8: =الشهري!K13 -> 98321.253 | C8: =الشهري!K25 -> 369728.64 | D8: =الشهري!K37 -> 1124654.2
A10: أقصى احتياج نقدي (أعمق نقطة في النقد التراكمي): | B10: =MIN(الشهري!K2:K37) -> 2662.4

Sheet السيناريوهات
A1: السيناريوهات الثلاثة — لقطات محسوبة من محرك النموذج نفسه
A2: قيم ثابتة للمقارنة. للسيناريو الحي: عدّلي «الافتراضات» فتتحدث أوراق الشهري والملخص.
A4: سيناريو متحفّظ
B5: السنة ١ | C5: السنة ٢ | D5: السنة ٣
A6: العملاء نهاية السنة | B6: 5 | C6: 19 | D6: 39
A7: ARR (ريال) | B7: 136179 | C7: 503023 | D7: 1029914
A8: إيراد السنة (ريال) | B8: 77873 | C8: 345958 | D8: 804324
A9: صافي السنة (ريال) | B9: -37494 | C9: 27133 | D9: 271466
A10: النقد التراكمي (ريال) | B10: -37494 | C10: -10361 | D10: 261105
A13: سيناريو أساسي
B14: السنة ١ | C14: السنة ٢ | D14: السنة ٣
A15: العملاء نهاية السنة | B15: 15 | C15: 41 | D15: 80
A16: ARR (ريال) | B16: 408537 | C16: 1100534 | D16: 2125386
A17: إيراد السنة (ريال) | B17: 233620 | C17: 804253 | D17: 1686592
A18: صافي السنة (ريال) | B18: 98321 | C18: 271407 | D18: 754926
A19: النقد التراكمي (ريال) | B19: 98321 | C19: 369729 | D19: 1124654
A22: سيناريو متفائل
B23: السنة ١ | C23: السنة ٢ | D23: السنة ٣
A24: العملاء نهاية السنة | B24: 31 | C24: 72 | D24: 132
A25: ARR (ريال) | B25: 817074 | C25: 1928709 | D25: 3517083
A26: إيراد السنة (ريال) | B26: 467241 | C26: 1452759 | D26: 2837016
A27: صافي السنة (ريال) | B27: 256196 | C27: 693182 | D27: 1638273
A28: النقد التراكمي (ريال) | B28: 256196 | C28: 949379 | D28: 2587652
